Workbook

Sheet Tóm tắt 3 kịch bản
A1: CCB MART — BẢNG LƯƠNG HOA HỒNG KÊNH CTV (V13.2.1)
A2: Dành cho Giám đốc Kinh doanh mảng CTV — Đơn vị: VNĐ/tháng
A4: Tham số chung
B5: Giá combo (VNĐ) | C5: 2000000
A7: THU NHẬP/THÁNG THEO VAI TRÒ & KỊCH BẢN
B8: Vai trò | C8: HH % | D8: Tối thiểu | E8: Tiêu chuẩn | F8: Mạnh mẽ | G8: Ghi chú chính
B9: CTV | C9: 20% | D9: ='Chi tiết CTV'!D11 -> 4000000 | E9: ='Chi tiết CTV'!E11 -> 6000000 | F9: ='Chi tiết CTV'!F11 -> 12000000 | G9: HH bán cá nhân. Không thù lao, không F.
B10: PP | C10: 20% | D10: ='Chi tiết PP'!D14 -> 25000000 | E10: ='Chi tiết PP'!E14 -> 29000000 | F10: ='Chi tiết PP'!F14 -> 45000000 | G10: HH + Thù lao 5tr. KHÔNG nhận F1/F2/F3.
B11: TP | C11: 30% | D11: ='Chi tiết TP'!D18 -> 57000000 | E11: ='Chi tiết TP'!E18 -> 70000000 | F11: ='Chi tiết TP'!F18 -> 118000000 | G11: HH + 10tr + F1 (10% PPs) + F2 (5% CTVs qua PP không tính). F3=0.
B12: GĐV | C12: 35% | D12: ='Chi tiết GĐV'!D19 -> 83000000 | E12: ='Chi tiết GĐV'!E19 -> 105000000 | F12: ='Chi tiết GĐV'!F19 -> 178000000 | G12: HH + 18tr + F1 (TP) + F2 (PP qua TP). F3=0.
B13: GĐKD | C13: 38% | D13: ='Chi tiết GĐKD'!D22 -> 132000000 | E13: ='Chi tiết GĐKD'!E22 -> 203600000 | F13: ='Chi tiết GĐKD'!F22 -> 318000000 | G13: HH + 30tr + F1 (GĐV) + F2 (TP) + F3 (PP qua TP).
A16: THU NHẬP/NĂM (× 12 tháng)
B17: Vai trò | D17: Tối thiểu | E17: Tiêu chuẩn | F17: Mạnh mẽ
B18: CTV | D18: =D9*12 -> 48000000 | E18: =E9*12 -> 72000000 | F18: =F9*12 -> 144000000
B19: PP | D19: =D10*12 -> 300000000 | E19: =E10*12 -> 348000000 | F19: =F10*12 -> 540000000
B20: TP | D20: =D11*12 -> 684000000 | E20: =E11*12 -> 840000000 | F20: =F11*12 -> 1416000000
B21: GĐV | D21: =D12*12 -> 996000000 | E21: =E12*12 -> 1260000000 | F21: =F12*12 -> 2136000000
B22: GĐKD | D22: =D13*12 -> 1584000000 | E22: =E13*12 -> 2443200000 | F22: =F13*12 -> 3816000000
A25: CƠ CHẾ ĐIỀU TIẾT (Mục 7.8 Soft Salary / 7.9 Hệ số K)
B26: Điều kiện nhận đủ Thù lao + Phí QL nhóm: log 20h đào tạo/tháng có OTP xác nhận
B27: Nếu tổng quỹ thù lao > 5% doanh thu kênh CTV → kích hoạt Soft Salary: giảm thù lao cố định, thay bằng thù lao theo hiệu suất nhóm
B28: Nếu F1+F2+F3 > 18-20% doanh thu → áp Hệ số K (0.7-1.0) vào TẤT CẢ khoản chi

Sheet Chi tiết CTV
A1: CẤP 1 — CTV (Cộng tác viên)
A2: Quy định: HH 20% × doanh số cá nhân. KHÔNG thù lao. KHÔNG F1/F2/F3.
B4: Khoản | C4: Cách tính | D4: Tối thiểu | E4: Tiêu chuẩn | F4: Mạnh mẽ | G4: Ghi chú
B5: Combo bán cá nhân/tháng | C5: Input — sửa được | D5: 10 | E5: 15 | F5: 30 | G5: Tối thiểu: 10cb, Tiêu chuẩn: 15cb, Mạnh: 30cb
B6: Doanh thu cá nhân | C6: cb × 2tr | D6: =D5*'Tóm tắt 3 kịch bản'!$C$5 -> 20000000 | E6: =E5*'Tóm tắt 3 kịch bản'!$C$5 -> 30000000 | F6: =F5*'Tóm tắt 3 kịch bản'!$C$5 -> 60000000
B7: HH bán lẻ (20%) | C7: 20% × doanh thu | D7: =0.2*D6 -> 4000000 | E7: =0.2*E6 -> 6000000 | F7: =0.2*F6 -> 12000000
B8: Thù lao DV duy trì | C8: CTV không có | D8: 0 | E8: 0 | F8: 0
B9: F1/F2/F3 | C9: CTV không có downline → không nhận F | D9: 0 | E9: 0 | F9: 0
B11: TỔNG THU NHẬP CTV/THÁNG | D11: =SUM(D7:D9) -> 4000000 | E11: =SUM(E7:E9) -> 6000000 | F11: =SUM(F7:F9) -> 12000000

Sheet Chi tiết PP
A1: CẤP 2 — PP (Phó phòng)
A2: Quy định: HH 20% + Thù lao 5tr. KHÔNG nhận F1/F2/F3 (PP không phải TP+).
B4: Khoản | C4: Cách tính | D4: Tối thiểu | E4: Tiêu chuẩn | F4: Mạnh mẽ | G4: Ghi chú
B5: Combo bán cá nhân/tháng | C5: Input | D5: 50 | E5: 60 | F5: 100 | G5: Duy trì KPI: ≥50cb/tháng
B6: Doanh thu cá nhân | C6: cb × 2tr | D6: =D5*'Tóm tắt 3 kịch bản'!$C$5 -> 100000000 | E6: =E5*'Tóm tắt 3 kịch bản'!$C$5 -> 120000000 | F6: =F5*'Tóm tắt 3 kịch bản'!$C$5 -> 200000000
B8: HH bán lẻ (20%) | C8: 20% × doanh thu | D8: =0.2*D6 -> 20000000 | E8: =0.2*E6 -> 24000000 | F8: =0.2*F6 -> 40000000
B9: Thù lao DV duy trì | C9: Cố định 5.000.000đ | D9: 5000000 | E9: 5000000 | F9: 5000000
B10: F1/F2/F3 | C10: PP không nhận (quy tắc 7.4 V13.2.1) | D10: 0 | E10: 0 | F10: 0
B14: TỔNG THU NHẬP PP/THÁNG | D14: =D8+D9+D10 -> 25000000 | E14: =E8+E9+E10 -> 29000000 | F14: =F8+F9+F10 -> 45000000

Sheet Chi tiết TP
A1: CẤP 3 — TP (Trưởng phòng)
A2: Quy định: HH 30% + Thù lao 10tr + F1 (10% cấp 1) + F2 (5% cấp 2). KHÔNG nhận F3.
B4: Khoản | C4: Cách tính | D4: Tối thiểu | E4: Tiêu chuẩn | F4: Mạnh mẽ | G4: Ghi chú
B5: Combo bán cá nhân/tháng | D5: 50 | E5: 60 | F5: 100
B6: Cấp 1: số PP trực thuộc × cb/PP | D6: 75 | E6: 100 | F6: 200 | G6: VD tiêu chuẩn: 2 PP × 50cb = 100cb
B7: Cấp 2: CTV dưới PP × cb/CTV | D7: 20 | E7: 40 | F7: 80 | G7: VD tiêu chuẩn: 4 CTV × 10cb = 40cb
B9: Doanh thu cá nhân | C9: cb × 2tr | D9: =D5*'Tóm tắt 3 kịch bản'!$C$5 -> 100000000 | E9: =E5*'Tóm tắt 3 kịch bản'!$C$5 -> 120000000 | F9: =F5*'Tóm tắt 3 kịch bản'!$C$5 -> 200000000
B11: HH bán lẻ (30%) | C11: 30% × doanh thu cá nhân | D11: =0.3*D9 -> 30000000 | E11: =0.3*E9 -> 36000000 | F11: =0.3*F9 -> 60000000
B12: Thù lao DV duy trì | C12: Cố định 10.000.000đ | D12: 10000000 | E12: 10000000 | F12: 10000000
B13: F1 (10% × cấp 1) | C13: 10% × (cb PP) × giá | D13: =0.1*D6*'Tóm tắt 3 kịch bản'!$C$5 -> 15000000 | E13: =0.1*E6*'Tóm tắt 3 kịch bản'!$C$5 -> 20000000 | F13: =0.1*F6*'Tóm tắt 3 kịch bản'!$C$5 -> 40000000
B14: F2 (5% × cấp 2) | C14: 5% × (cb CTV dưới PP) × giá | D14: =0.05*D7*'Tóm tắt 3 kịch bản'!$C$5 -> 2000000 | E14: =0.05*E7*'Tóm tắt 3 kịch bản'!$C$5 -> 4000000 | F14: =0.05*F7*'Tóm tắt 3 kịch bản'!$C$5 -> 8000000
B15: F3 | C15: TP không phải GĐKD → 0 | D15: 0 | E15: 0 | F15: 0
B18: TỔNG THU NHẬP TP/THÁNG | D18: =SUM(D11:D15) -> 57000000 | E18: =SUM(E11:E15) -> 70000000 | F18: =SUM(F11:F15) -> 118000000

Sheet Chi tiết GĐV
A1: CẤP 4 — GĐV (Giám đốc Vùng)
A2: Quy định: HH 35% + Thù lao 18tr + F1 (TPs direct) + F2 (PPs qua TP). F3=0.
B4: Khoản | C4: Cách tính | D4: Tối thiểu | E4: Tiêu chuẩn | F4: Mạnh mẽ | G4: Ghi chú
B5: Combo bán cá nhân/tháng | D5: 50 | E5: 60 | F5: 100
B6: Cấp 1: cb TPs direct | D6: 100 | E6: 150 | F6: 300 | G6: VD tiêu chuẩn: 3 TP × 50cb = 150cb
B7: Cấp 2: cb PPs qua TP | D7: 100 | E7: 150 | F7: 300 | G7: VD tiêu chuẩn: 3 PP × 50cb = 150cb
B9: Doanh thu cá nhân | D9: =D5*'Tóm tắt 3 kịch bản'!$C$5 -> 100000000 | E9: =E5*'Tóm tắt 3 kịch bản'!$C$5 -> 120000000 | F9: =F5*'Tóm tắt 3 kịch bản'!$C$5 -> 200000000
B11: HH bán lẻ (35%) | C11: 35% × doanh thu cá nhân | D11: =0.35*D9 -> 35000000 | E11: =0.35*E9 -> 42000000 | F11: =0.35*F9 -> 70000000
B12: Thù lao DV duy trì | C12: Cố định 18.000.000đ (V13.2.1) | D12: 18000000 | E12: 18000000 | F12: 18000000
B13: F1 (10% × cấp 1) | C13: 10% × cb TP direct × giá | D13: =0.1*D6*'Tóm tắt 3 kịch bản'!$C$5 -> 20000000 | E13: =0.1*E6*'Tóm tắt 3 kịch bản'!$C$5 -> 30000000 | F13: =0.1*F6*'Tóm tắt 3 kịch bản'!$C$5 -> 60000000
B14: F2 (5% × cấp 2) | C14: 5% × cb PP qua TP × giá | D14: =0.05*D7*'Tóm tắt 3 kịch bản'!$C$5 -> 10000000 | E14: =0.05*E7*'Tóm tắt 3 kịch bản'!$C$5 -> 15000000 | F14: =0.05*F7*'Tóm tắt 3 kịch bản'!$C$5 -> 30000000
B15: F3 | C15: GĐV không phải GĐKD → 0 | D15: 0 | E15: 0 | F15: 0
B19: TỔNG THU NHẬP GĐV/THÁNG | D19: =SUM(D11:D15) -> 83000000 | E19: =SUM(E11:E15) -> 105000000 | F19: =SUM(F11:F15) -> 178000000

Sheet Chi tiết GĐKD
A1: CẤP 5 — GĐKD (Giám đốc Kinh doanh)
A2: Quy định: HH 38% + Thù lao 30tr + F1 (GĐV direct) + F2 (TP qua GĐV) + F3 (PP qua TP)
B4: Khoản | C4: Cách tính | D4: Tối thiểu | E4: Tiêu chuẩn | F4: Mạnh mẽ | G4: Ghi chú
B5: Combo bán cá nhân/tháng | D5: 50 | E5: 60 | F5: 100
B6: Cấp 1: cb GĐV direct | D6: 100 | E6: 200 | F6: 400 | G6: VD tiêu chuẩn: 4 GĐV × 50cb = 200cb
B7: Cấp 2: cb TP qua GĐV | D7: 200 | E7: 400 | F7: 600 | G7: VD tiêu chuẩn: 8 TP × 50cb = 400cb
B8: Cấp 3: cb PP qua TP | D8: 400 | E8: 800 | F8: 1200 | G8: VD tiêu chuẩn: 16 PP × 50cb = 800cb
B10: Doanh thu cá nhân | D10: =D5*'Tóm tắt 3 kịch bản'!$C$5 -> 100000000 | E10: =E5*'Tóm tắt 3 kịch bản'!$C$5 -> 120000000 | F10: =F5*'Tóm tắt 3 kịch bản'!$C$5 -> 200000000
B12: HH bán lẻ (38%) | C12: 38% × doanh thu cá nhân | D12: =0.38*D10 -> 38000000 | E12: =0.38*E10 -> 45600000 | F12: =0.38*F10 -> 76000000
B13: Thù lao DV duy trì | C13: Cố định 30.000.000đ | D13: 30000000 | E13: 30000000 | F13: 30000000
B14: F1 (10% × cấp 1) | C14: 10% × cb GĐV × giá | D14: =0.1*D6*'Tóm tắt 3 kịch bản'!$C$5 -> 20000000 | E14: =0.1*E6*'Tóm tắt 3 kịch bản'!$C$5 -> 40000000 | F14: =0.1*F6*'Tóm tắt 3 kịch bản'!$C$5 -> 80000000
B15: F2 (5% × cấp 2) | C15: 5% × cb TP × giá | D15: =0.05*D7*'Tóm tắt 3 kịch bản'!$C$5 -> 20000000 | E15: =0.05*E7*'Tóm tắt 3 kịch bản'!$C$5 -> 40000000 | F15: =0.05*F7*'Tóm tắt 3 kịch bản'!$C$5 -> 60000000
B16: F3 (3% × cấp 3) | C16: 3% × cb PP × giá | D16: =0.03*D8*'Tóm tắt 3 kịch bản'!$C$5 -> 24000000 | E16: =0.03*E8*'Tóm tắt 3 kịch bản'!$C$5 -> 48000000 | F16: =0.03*F8*'Tóm tắt 3 kịch bản'!$C$5 -> 72000000
B22: TỔNG THU NHẬP GĐKD/THÁNG | D22: =SUM(D12:D16) -> 132000000 | E22: =SUM(E12:E16) -> 203600000 | F22: =SUM(F12:F16) -> 318000000

Sheet 3 Mô hình cây
A1: 3 MÔ HÌNH CÂY ĐIỂN HÌNH — KÊNH CTV (V13.2.1)
A3: HEADCOUNT & DOANH SỐ
B4: Vai trò / Chỉ tiêu | C4: Tối thiểu | D4: Tiêu chuẩn | E4: Mạnh mẽ | F4: Ghi chú
B5: GĐKD | C5: 1 | D5: 1 | E5: 1 | F5: Cấp cao nhất của tổ chức CTV
B6: GĐV | C6: 2 | D6: 4 | E6: 6 | F6: Cấp 1 của GĐKD
B7: TP | C7: 4 | D7: 8 | E7: 12 | F7: Cấp 2 của GĐKD
B8: PP | C8: 8 | D8: 16 | E8: 24 | F8: Cấp 3 của GĐKD
B9: CTV | C9: 16 | D9: 32 | E9: 48 | F9: Cấp 4 — GĐKD KHÔNG nhận phí từ CTV
B11: Tổng headcount | C11: =SUM(C5:C9) -> 31 | D11: =SUM(D5:D9) -> 61 | E11: =SUM(E5:E9) -> 91
B12: Doanh số hệ thống (combo/tháng) | C12: =C5*50+C6*50+C7*50+C8*50+C9*10 -> 910 | D12: =D5*50+D6*50+D7*50+D8*50+D9*10 -> 1770 | E12: =E5*100+E6*100+E7*100+E8*100+E9*30 -> 5740
B13: Doanh thu hệ thống (VNĐ) | C13: =C12*'Tóm tắt 3 kịch bản'!$C$5 -> 1820000000 | D13: =D12*'Tóm tắt 3 kịch bản'!$C$5 -> 3540000000 | E13: =E12*'Tóm tắt 3 kịch bản'!$C$5 -> 11480000000
A15: SƠ ĐỒ CÂY 3 KỊCH BẢN
A17: [1] TỐI THIỂU — Cây nhỏ, vừa đủ duy trì KPI
A18: GĐKD (50cb)
A19: ├── GĐV-1 (50cb)
A20: │ ├── TP-1 (50cb)
A21: │ │ ├── PP-1 (50cb) ── 2 CTV × 10cb
A22: │ │ └── PP-2 (50cb) ── 2 CTV × 10cb
A23: │ └── TP-2 (50cb)
A24: │ ├── PP-3 (50cb) ── 2 CTV × 10cb
A25: │ └── PP-4 (50cb) ── 2 CTV × 10cb
A26: └── GĐV-2 (tương tự GĐV-1)
A27: 1+2+4+8+16 = 31 người; dt ≈ 910cb × 2tr = 1,82 tỷ
... A43: 1+6+12+24+48 = 91 người; dt ≈ 5740cb × 2tr = 11,48 tỷ

Sheet Công thức V13.2.1
A1: CÔNG THỨC V13.2.1 — CHƯƠNG 7
A3: 7.3. Bảng xếp hạng — HH & Thù lao
A4: Xếp hạng | B4: % HH bán lẻ | C4: Thù lao/tháng | D4: ĐK duy trì | E4: Ghi chú
A5: CTV | B5: 0.2 | C5: 0 | D5: Không bắt buộc doanh số | E5: Cá nhân, không phí gia nhập
A6: PP | B6: 0.2 | C6: 5000000 | D6: 50 combo/tháng | E6: Hộ KD
A7: TP | B7: 0.3 | C7: 10000000 | D7: 50cb + nhóm ≥150cb | E7: Hộ KD
A8: GĐV | B8: 0.35 | C8: 18000000 | D8: Duy trì ĐK, log 20h/tháng | E8: Hộ KD
A9: GĐKD | B9: 0.38 | C9: 30000000 | D9: 3 tháng → HĐLĐ | E9: HKD → HĐLĐ
A11: 7.4. Phí quản lý nhóm (F1/F2/F3)
A12: Loại phí | B12: Người thụ hưởng | C12: Tỷ lệ | D12: Tính trên | E12: Điều kiện
A13: Cấp 1 (F1) | B13: Cấp trên trực tiếp (TP trở lên) | C13: 0.1 | D13: Combo của cấp 1 | E13: 20h đào tạo/tháng + log hợp lệ
A14: Cấp 2 (F2) | B14: Cấp trên gián tiếp (GĐV trở lên) | C14: 0.05 | D14: Combo của cấp 2 | E14: 20h đào tạo/tháng + log hợp lệ
A15: Cấp 3 (F3) | B15: Cấp trên xa hơn (GĐKD) | C15: 0.03 | D15: Combo của cấp 3 | E15: 20h đào tạo/tháng + log hợp lệ
A17: Ma trận: Ai nhận F?
A18: Vai trò | B18: HH? | C18: Thù lao? | D18: F1? | E18: F2?
A19: CTV | B19: ✓ 20% | C19: ✗ | D19: ✗ | E19: ✗
A20: PP | B20: ✓ 20% | C20: 5tr | D20: ✗ (không phải TP+) | E20: ✗
A21: TP | B21: ✓ 30% | C21: 10tr | D21: ✓ (từ PP direct) | E21: ✓ (từ CTV qua PP)
A22: GĐV | B22: ✓ 35% | C22: 18tr | D22: ✓ (từ TP direct) | E22: ✓ (từ PP qua TP)
A23: GĐKD | B23: ✓ 38% | C23: 30tr | D23: ✓ (từ GĐV direct) | E23: ✓ (từ TP qua GĐV)
A25: Ghi chú: F3 (3%) CHỈ chi cho GĐKD.
